team_id,code,hex_bg,hex_text,hex_ol,team_name,status,league,division,1,2,3,4,5,6,7,8,9,10,11,12,13,14,15,16,17,18,19,20,21,22,23,24,25,26,27,28,29,30,31,32,33,x,1p,2p,3p,4p,5p,6p,7p,8p,9p,10p,11p,12p,13p,14p,15p,16p,17p,18p,19p,20p,21p,22p,23p,24p,25p,26p,27p,28p,29p,30p,31p,32p,33p,xp,1avg,2avg,3avg,4avg,5avg,6avg,7avg,8avg,9avg,10avg,11avg,12avg,13avg,14avg,15avg,16avg,17avg,18avg,19avg,20avg,21avg,22avg,23avg,24avg,25avg,26avg,27avg,28avg,29avg,30avg,31avg,32avg,33avg,xavg,runs,runs_adj,center_of_gravity
110,bal,000000,FF3400,FFFFFF,Baltimore Orioles,Home,American,East,9.0,7.0,7.0,13.0,18.0,10.0,19.0,4.0,5.0,0.0,,,,,,,,,,,,,,,,,,,,,,,,3.0,18.0,18.0,18.0,18.0,18.0,18.0,18.0,18.0,9.0,1.0,,,,,,,,,,,,,,,,,,,,,,,,1.0,0.5,0.3888888888888889,0.3888888888888889,0.7222222222222222,1.0,0.5555555555555556,1.0555555555555556,0.2222222222222222,0.5555555555555556,0.0,,,,,,,,,,,,,,,,,,,,,,,,3.0,92.0,456.0,4.956521739130435
110,bal,000000,FF3400,FFFFFF,Baltimore Orioles,Away,American,East,8.0,4.0,6.0,10.0,10.0,12.0,5.0,14.0,7.0,0.0,1.0,5.0,,,,,,,,,,,,,,,,,,,,,,6.0,20.0,20.0,20.0,20.0,20.0,20.0,20.0,20.0,20.0,1.0,1.0,1.0,,,,,,,,,,,,,,,,,,,,,,3.0,0.4,0.2,0.3,0.5,0.5,0.6,0.25,0.7,0.35,0.0,1.0,5.0,,,,,,,,,,,,,,,,,,,,,,2.0,82.0,477.0,5.817073170731708
110,bal,000000,FF3400,FFFFFF,Baltimore Orioles,Total,American,East,17.0,11.0,13.0,23.0,28.0,22.0,24.0,18.0,12.0,0.0,1.0,5.0,,,,,,,,,,,,,,,,,,,,,,9.0,38.0,38.0,38.0,38.0,38.0,38.0,38.0,38.0,29.0,2.0,1.0,1.0,,,,,,,,,,,,,,,,,,,,,,4.0,0.4473684210526316,0.2894736842105263,0.34210526315789475,0.6052631578947368,0.7368421052631579,0.5789473684210527,0.631578947368421,0.47368421052631576,0.41379310344827586,0.0,1.0,5.0,,,,,,,,,,,,,,,,,,,,,,2.25,174.0,933.0,5.362068965517241
111,bos,092341,CA0729,FFFFFF,Boston Red Sox,Home,American,East,2.0,7.0,13.0,3.0,4.0,7.0,9.0,4.0,3.0,1.0,,,,,,,,,,,,,,,,,,,,,,,,2.0,17.0,17.0,17.0,17.0,17.0,17.0,17.0,17.0,12.0,2.0,,,,,,,,,,,,,,,,,,,,,,,,2.0,0.11764705882352941,0.4117647058823529,0.7647058823529411,0.17647058823529413,0.23529411764705882,0.4117647058823529,0.5294117647058824,0.23529411764705882,0.25,0.5,,,,,,,,,,,,,,,,,,,,,,,,1.0,53.0,261.0,4.9245283018867925
111,bos,092341,CA0729,FFFFFF,Boston Red Sox,Away,American,East,7.0,6.0,16.0,18.0,12.0,7.0,10.0,3.0,21.0,0.0,0.0,,,,,,,,,,,,,,,,,,,,,,,0.0,21.0,21.0,21.0,21.0,21.0,21.0,21.0,21.0,21.0,1.0,1.0,,,,,,,,,,,,,,,,,,,,,,,2.0,0.3333333333333333,0.2857142857142857,0.7619047619047619,0.8571428571428571,0.5714285714285714,0.3333333333333333,0.47619047619047616,0.14285714285714285,1.0,0.0,0.0,,,,,,,,,,,,,,,,,,,,,,,0.0,100.0,524.0,5.24
111,bos,092341,CA0729,FFFFFF,Boston Red Sox,Total,American,East,9.0,13.0,29.0,21.0,16.0,14.0,19.0,7.0,24.0,1.0,0.0,,,,,,,,,,,,,,,,,,,,,,,2.0,38.0,38.0,38.0,38.0,38.0,38.0,38.0,38.0,33.0,3.0,1.0,,,,,,,,,,,,,,,,,,,,,,,4.0,0.23684210526315788,0.34210526315789475,0.7631578947368421,0.5526315789473685,0.42105263157894735,0.3684210526315789,0.5,0.18421052631578946,0.7272727272727273,0.3333333333333333,0.0,,,,,,,,,,,,,,,,,,,,,,,0.5,153.0,785.0,5.130718954248366
147,nyy,002144,FFFFFF,,New York Yankees,Home,American,East,20.0,15.0,13.0,6.0,9.0,21.0,11.0,29.0,7.0,,,,,,,,,,,,,,,,,,,,,,,,,0.0,20.0,20.0,20.0,20.0,20.0,20.0,20.0,20.0,8.0,,,,,,,,,,,,,,,,,,,,,,,,,0.0,1.0,0.75,0.65,0.3,0.45,1.05,0.55,1.45,0.875,,,,,,,,,,,,,,,,,,,,,,,,,,131.0,656.0,5.00763358778626
147,nyy,002144,FFFFFF,,New York Yankees,Away,American,East,12.0,8.0,7.0,2.0,5.0,15.0,14.0,5.0,9.0,1.0,,,,,,,,,,,,,,,,,,,,,,,,1.0,18.0,18.0,18.0,18.0,18.0,18.0,18.0,18.0,18.0,1.0,,,,,,,,,,,,,,,,,,,,,,,,1.0,0.6666666666666666,0.4444444444444444,0.3888888888888889,0.1111111111111111,0.2777777777777778,0.8333333333333334,0.7777777777777778,0.2777777777777778,0.5,1.0,,,,,,,,,,,,,,,,,,,,,,,,1.0,78.0,401.0,5.141025641025641
147,nyy,002144,FFFFFF,,New York Yankees,Total,American,East,32.0,23.0,20.0,8.0,14.0,36.0,25.0,34.0,16.0,1.0,,,,,,,,,,,,,,,,,,,,,,,,1.0,38.0,38.0,38.0,38.0,38.0,38.0,38.0,38.0,26.0,1.0,,,,,,,,,,,,,,,,,,,,,,,,1.0,0.8421052631578947,0.6052631578947368,0.5263157894736842,0.21052631578947367,0.3684210526315789,0.9473684210526315,0.6578947368421053,0.8947368421052632,0.6153846153846154,1.0,,,,,,,,,,,,,,,,,,,,,,,,1.0,209.0,1057.0,5.057416267942584
139,tb,041E42,FFFFFF,69B3E7,Tampa Bay Rays,Home,American,East,8.0,11.0,9.0,8.0,4.0,9.0,9.0,11.0,4.0,3.0,,,,,,,,,,,,,,,,,,,,,,,,1.0,18.0,18.0,18.0,18.0,18.0,18.0,18.0,18.0,6.0,2.0,,,,,,,,,,,,,,,,,,,,,,,,2.0,0.4444444444444444,0.6111111111111112,0.5,0.4444444444444444,0.2222222222222222,0.5,0.5,0.6111111111111112,0.6666666666666666,1.5,,,,,,,,,,,,,,,,,,,,,,,,0.5,76.0,380.0,5.0
139,tb,041E42,FFFFFF,69B3E7,Tampa Bay Rays,Away,American,East,7.0,9.0,5.0,6.0,14.0,13.0,9.0,8.0,13.0,4.0,1.0,0.0,2.0,,,,,,,,,,,,,,,,,,,,,7.0,19.0,19.0,19.0,19.0,19.0,19.0,19.0,19.0,19.0,3.0,1.0,1.0,1.0,,,,,,,,,,,,,,,,,,,,,6.0,0.3684210526315789,0.47368421052631576,0.2631578947368421,0.3157894736842105,0.7368421052631579,0.6842105263157895,0.47368421052631576,0.42105263157894735,0.6842105263157895,1.3333333333333333,1.0,0.0,2.0,,,,,,,,,,,,,,,,,,,,,1.1666666666666667,91.0,533.0,5.857142857142857
139,tb,041E42,FFFFFF,69B3E7,Tampa Bay Rays,Total,American,East,15.0,20.0,14.0,14.0,18.0,22.0,18.0,19.0,17.0,7.0,1.0,0.0,2.0,,,,,,,,,,,,,,,,,,,,,8.0,37.0,37.0,37.0,37.0,37.0,37.0,37.0,37.0,25.0,5.0,1.0,1.0,1.0,,,,,,,,,,,,,,,,,,,,,8.0,0.40540540540540543,0.5405405405405406,0.3783783783783784,0.3783783783783784,0.4864864864864865,0.5945945945945946,0.4864864864864865,0.5135135135135135,0.68,1.4,1.0,0.0,2.0,,,,,,,,,,,,,,,,,,,,,1.0,167.0,913.0,5.467065868263473
141,tor,003DA5,FFFFFF,041E42,Toronto Blue Jays,Home,American,East,9.0,1.0,11.0,9.0,10.0,11.0,9.0,8.0,6.0,1.0,1.0,,,,,,,,,,,,,,,,,,,,,,,2.0,18.0,18.0,18.0,18.0,18.0,18.0,18.0,18.0,10.0,2.0,1.0,,,,,,,,,,,,,,,,,,,,,,,3.0,0.5,0.05555555555555555,0.6111111111111112,0.5,0.5555555555555556,0.6111111111111112,0.5,0.4444444444444444,0.6,0.5,1.0,,,,,,,,,,,,,,,,,,,,,,,0.6666666666666666,76.0,398.0,5.2368421052631575
141,tor,003DA5,FFFFFF,041E42,Toronto Blue Jays,Away,American,East,11.0,6.0,5.0,5.0,4.0,9.0,6.0,15.0,6.0,4.0,,,,,,,,,,,,,,,,,,,,,,,,4.0,19.0,19.0,19.0,19.0,19.0,19.0,19.0,19.0,19.0,2.0,,,,,,,,,,,,,,,,,,,,,,,,2.0,0.5789473684210527,0.3157894736842105,0.2631578947368421,0.2631578947368421,0.21052631578947367,0.47368421052631576,0.3157894736842105,0.7894736842105263,0.3157894736842105,2.0,,,,,,,,,,,,,,,,,,,,,,,,2.0,71.0,388.0,5.464788732394366
141,tor,003DA5,FFFFFF,041E42,Toronto Blue Jays,Total,American,East,20.0,7.0,16.0,14.0,14.0,20.0,15.0,23.0,12.0,5.0,1.0,,,,,,,,,,,,,,,,,,,,,,,6.0,37.0,37.0,37.0,37.0,37.0,37.0,37.0,37.0,29.0,4.0,1.0,,,,,,,,,,,,,,,,,,,,,,,5.0,0.5405405405405406,0.1891891891891892,0.43243243243243246,0.3783783783783784,0.3783783783783784,0.5405405405405406,0.40540540540540543,0.6216216216216216,0.41379310344827586,1.25,1.0,,,,,,,,,,,,,,,,,,,,,,,1.2,147.0,786.0,5.346938775510204
145,cws,2A2723,FFFFFF,,Chicago White Sox,Home,American,Central,3.0,3.0,10.0,4.0,2.0,6.0,10.0,6.0,7.0,5.0,,,,,,,,,,,,,,,,,,,,,,,,7.0,15.0,15.0,15.0,15.0,15.0,15.0,15.0,15.0,10.0,4.0,,,,,,,,,,,,,,,,,,,,,,,,4.0,0.2,0.2,0.6666666666666666,0.26666666666666666,0.13333333333333333,0.4,0.6666666666666666,0.4,0.7,1.25,,,,,,,,,,,,,,,,,,,,,,,,1.75,56.0,332.0,5.928571428571429
145,cws,2A2723,FFFFFF,,Chicago White Sox,Away,American,Central,17.0,22.0,12.0,12.0,7.0,5.0,15.0,2.0,7.0,0.0,0.0,,,,,,,,,,,,,,,,,,,,,,,0.0,22.0,22.0,22.0,22.0,22.0,22.0,22.0,22.0,22.0,1.0,1.0,,,,,,,,,,,,,,,,,,,,,,,2.0,0.7727272727272727,1.0,0.5454545454545454,0.5454545454545454,0.3181818181818182,0.22727272727272727,0.6818181818181818,0.09090909090909091,0.3181818181818182,0.0,0.0,,,,,,,,,,,,,,,,,,,,,,,0.0,99.0,394.0,3.9797979797979797
145,cws,2A2723,FFFFFF,,Chicago White Sox,Total,American,Central,20.0,25.0,22.0,16.0,9.0,11.0,25.0,8.0,14.0,5.0,0.0,,,,,,,,,,,,,,,,,,,,,,,7.0,37.0,37.0,37.0,37.0,37.0,37.0,37.0,37.0,32.0,5.0,1.0,,,,,,,,,,,,,,,,,,,,,,,6.0,0.5405405405405406,0.6756756756756757,0.5945945945945946,0.43243243243243246,0.24324324324324326,0.2972972972972973,0.6756756756756757,0.21621621621621623,0.4375,1.0,0.0,,,,,,,,,,,,,,,,,,,,,,,1.1666666666666667,155.0,726.0,4.683870967741935
114,cle,D50032,FFFFFF,0C2340,Cleveland Guardians,Home,American,Central,7.0,2.0,4.0,4.0,12.0,4.0,7.0,18.0,1.0,,,,,,,,,,,,,,,,,,,,,,,,,0.0,16.0,16.0,16.0,16.0,16.0,16.0,16.0,16.0,8.0,,,,,,,,,,,,,,,,,,,,,,,,,0.0,0.4375,0.125,0.25,0.25,0.75,0.25,0.4375,1.125,0.125,,,,,,,,,,,,,,,,,,,,,,,,,,59.0,325.0,5.508474576271187
114,cle,D50032,FFFFFF,0C2340,Cleveland Guardians,Away,American,Central,14.0,5.0,8.0,7.0,15.0,9.0,18.0,16.0,8.0,3.0,,,,,,,,,,,,,,,,,,,,,,,,3.0,23.0,23.0,23.0,23.0,23.0,23.0,23.0,23.0,23.0,2.0,,,,,,,,,,,,,,,,,,,,,,,,2.0,0.6086956521739131,0.21739130434782608,0.34782608695652173,0.30434782608695654,0.6521739130434783,0.391304347826087,0.782608695652174,0.6956521739130435,0.34782608695652173,1.5,,,,,,,,,,,,,,,,,,,,,,,,1.5,103.0,561.0,5.446601941747573
114,cle,D50032,FFFFFF,0C2340,Cleveland Guardians,Total,American,Central,21.0,7.0,12.0,11.0,27.0,13.0,25.0,34.0,9.0,3.0,,,,,,,,,,,,,,,,,,,,,,,,3.0,39.0,39.0,39.0,39.0,39.0,39.0,39.0,39.0,31.0,2.0,,,,,,,,,,,,,,,,,,,,,,,,2.0,0.5384615384615384,0.1794871794871795,0.3076923076923077,0.28205128205128205,0.6923076923076923,0.3333333333333333,0.6410256410256411,0.8717948717948718,0.2903225806451613,1.5,,,,,,,,,,,,,,,,,,,,,,,,1.5,162.0,886.0,5.469135802469136
116,det,0C2340,FFFFFF,FA4616,Detroit Tigers,Home,American,Central,12.0,4.0,6.0,9.0,13.0,9.0,5.0,9.0,7.0,,,,,,,,,,,,,,,,,,,,,,,,,0.0,17.0,17.0,17.0,17.0,17.0,17.0,17.0,17.0,8.0,,,,,,,,,,,,,,,,,,,,,,,,,0.0,0.7058823529411765,0.23529411764705882,0.35294117647058826,0.5294117647058824,0.7647058823529411,0.5294117647058824,0.29411764705882354,0.5294117647058824,0.875,,,,,,,,,,,,,,,,,,,,,,,,,,74.0,363.0,4.905405405405405
116,det,0C2340,FFFFFF,FA4616,Detroit Tigers,Away,American,Central,9.0,3.0,12.0,9.0,6.0,5.0,16.0,11.0,9.0,0.0,,,,,,,,,,,,,,,,,,,,,,,,0.0,20.0,20.0,20.0,20.0,20.0,20.0,20.0,20.0,20.0,1.0,,,,,,,,,,,,,,,,,,,,,,,,1.0,0.45,0.15,0.6,0.45,0.3,0.25,0.8,0.55,0.45,0.0,,,,,,,,,,,,,,,,,,,,,,,,0.0,80.0,428.0,5.35
116,det,0C2340,FFFFFF,FA4616,Detroit Tigers,Total,American,Central,21.0,7.0,18.0,18.0,19.0,14.0,21.0,20.0,16.0,0.0,,,,,,,,,,,,,,,,,,,,,,,,0.0,37.0,37.0,37.0,37.0,37.0,37.0,37.0,37.0,28.0,1.0,,,,,,,,,,,,,,,,,,,,,,,,1.0,0.5675675675675675,0.1891891891891892,0.4864864864864865,0.4864864864864865,0.5135135135135135,0.3783783783783784,0.5675675675675675,0.5405405405405406,0.5714285714285714,0.0,,,,,,,,,,,,,,,,,,,,,,,,0.0,154.0,791.0,5.136363636363637
118,kc,0031A7,FFFFFF,,Kansas City Royals,Home,American,Central,4.0,11.0,9.0,17.0,4.0,22.0,17.0,9.0,4.0,3.0,1.0,3.0,,,,,,,,,,,,,,,,,,,,,,7.0,20.0,20.0,20.0,20.0,20.0,20.0,20.0,20.0,11.0,2.0,1.0,1.0,,,,,,,,,,,,,,,,,,,,,,4.0,0.2,0.55,0.45,0.85,0.2,1.1,0.85,0.45,0.36363636363636365,1.5,1.0,3.0,,,,,,,,,,,,,,,,,,,,,,1.75,104.0,577.0,5.548076923076923
118,kc,0031A7,FFFFFF,,Kansas City Royals,Away,American,Central,6.0,3.0,2.0,7.0,3.0,7.0,9.0,7.0,5.0,4.0,,,,,,,,,,,,,,,,,,,,,,,,4.0,18.0,18.0,18.0,18.0,18.0,18.0,18.0,18.0,18.0,2.0,,,,,,,,,,,,,,,,,,,,,,,,2.0,0.3333333333333333,0.16666666666666666,0.1111111111111111,0.3888888888888889,0.16666666666666666,0.3888888888888889,0.5,0.3888888888888889,0.2777777777777778,2.0,,,,,,,,,,,,,,,,,,,,,,,,2.0,53.0,307.0,5.7924528301886795
118,kc,0031A7,FFFFFF,,Kansas City Royals,Total,American,Central,10.0,14.0,11.0,24.0,7.0,29.0,26.0,16.0,9.0,7.0,1.0,3.0,,,,,,,,,,,,,,,,,,,,,,11.0,38.0,38.0,38.0,38.0,38.0,38.0,38.0,38.0,29.0,4.0,1.0,1.0,,,,,,,,,,,,,,,,,,,,,,6.0,0.2631578947368421,0.3684210526315789,0.2894736842105263,0.631578947368421,0.18421052631578946,0.7631578947368421,0.6842105263157895,0.42105263157894735,0.3103448275862069,1.75,1.0,3.0,,,,,,,,,,,,,,,,,,,,,,1.8333333333333333,157.0,884.0,5.630573248407643
142,min,091F3F,E41D34,FFFFFF,Minnesota Twins,Home,American,Central,17.0,12.0,13.0,16.0,13.0,5.0,8.0,11.0,5.0,0.0,,,,,,,,,,,,,,,,,,,,,,,,6.0,20.0,20.0,20.0,20.0,20.0,20.0,20.0,20.0,10.0,2.0,,,,,,,,,,,,,,,,,,,,,,,,2.0,0.85,0.6,0.65,0.8,0.65,0.25,0.4,0.55,0.5,0.0,,,,,,,,,,,,,,,,,,,,,,,,3.0,100.0,428.0,4.28
142,min,091F3F,E41D34,FFFFFF,Minnesota Twins,Away,American,Central,4.0,13.0,13.0,8.0,6.0,5.0,10.0,12.0,12.0,,,,,,,,,,,,,,,,,,,,,,,,,0.0,18.0,18.0,18.0,18.0,18.0,18.0,18.0,18.0,18.0,,,,,,,,,,,,,,,,,,,,,,,,,0.0,0.2222222222222222,0.7222222222222222,0.7222222222222222,0.4444444444444444,0.3333333333333333,0.2777777777777778,0.5555555555555556,0.6666666666666666,0.6666666666666666,,,,,,,,,,,,,,,,,,,,,,,,,,83.0,435.0,5.240963855421687
142,min,091F3F,E41D34,FFFFFF,Minnesota Twins,Total,American,Central,21.0,25.0,26.0,24.0,19.0,10.0,18.0,23.0,17.0,0.0,,,,,,,,,,,,,,,,,,,,,,,,6.0,38.0,38.0,38.0,38.0,38.0,38.0,38.0,38.0,28.0,2.0,,,,,,,,,,,,,,,,,,,,,,,,2.0,0.5526315789473685,0.6578947368421053,0.6842105263157895,0.631578947368421,0.5,0.2631578947368421,0.47368421052631576,0.6052631578947368,0.6071428571428571,0.0,,,,,,,,,,,,,,,,,,,,,,,,3.0,183.0,863.0,4.715846994535519
133,ath,024638,FFFFFF,EFB21E,Athletics,Home,American,West,6.0,11.0,6.0,13.0,14.0,8.0,13.0,6.0,0.0,3.0,1.0,,,,,,,,,,,,,,,,,,,,,,,4.0,16.0,16.0,16.0,16.0,16.0,16.0,16.0,16.0,10.0,3.0,1.0,,,,,,,,,,,,,,,,,,,,,,,4.0,0.375,0.6875,0.375,0.8125,0.875,0.5,0.8125,0.375,0.0,1.0,1.0,,,,,,,,,,,,,,,,,,,,,,,1.0,81.0,396.0,4.888888888888889
133,ath,024638,FFFFFF,EFB21E,Athletics,Away,American,West,12.0,6.0,17.0,8.0,9.0,5.0,9.0,7.0,10.0,1.0,0.0,,,,,,,,,,,,,,,,,,,,,,,1.0,21.0,21.0,21.0,21.0,21.0,21.0,21.0,21.0,21.0,1.0,1.0,,,,,,,,,,,,,,,,,,,,,,,2.0,0.5714285714285714,0.2857142857142857,0.8095238095238095,0.38095238095238093,0.42857142857142855,0.23809523809523808,0.42857142857142855,0.3333333333333333,0.47619047619047616,1.0,0.0,,,,,,,,,,,,,,,,,,,,,,,0.5,84.0,401.0,4.773809523809524
133,ath,024638,FFFFFF,EFB21E,Athletics,Total,American,West,18.0,17.0,23.0,21.0,23.0,13.0,22.0,13.0,10.0,4.0,1.0,,,,,,,,,,,,,,,,,,,,,,,5.0,37.0,37.0,37.0,37.0,37.0,37.0,37.0,37.0,31.0,4.0,2.0,,,,,,,,,,,,,,,,,,,,,,,6.0,0.4864864864864865,0.4594594594594595,0.6216216216216216,0.5675675675675675,0.6216216216216216,0.35135135135135137,0.5945945945945946,0.35135135135135137,0.3225806451612903,1.0,0.5,,,,,,,,,,,,,,,,,,,,,,,0.8333333333333334,165.0,797.0,4.83030303030303
117,hou,002147,FFFFFF,D84E25,Houston Astros,Home,American,West,16.0,7.0,17.0,1.0,18.0,12.0,7.0,9.0,4.0,1.0,,,,,,,,,,,,,,,,,,,,,,,,3.0,19.0,19.0,19.0,19.0,19.0,19.0,19.0,19.0,10.0,1.0,,,,,,,,,,,,,,,,,,,,,,,,1.0,0.8421052631578947,0.3684210526315789,0.8947368421052632,0.05263157894736842,0.9473684210526315,0.631578947368421,0.3684210526315789,0.47368421052631576,0.4,1.0,,,,,,,,,,,,,,,,,,,,,,,,3.0,92.0,414.0,4.5
117,hou,002147,FFFFFF,D84E25,Houston Astros,Away,American,West,14.0,9.0,7.0,17.0,13.0,5.0,7.0,14.0,4.0,3.0,,,,,,,,,,,,,,,,,,,,,,,,3.0,19.0,19.0,19.0,19.0,19.0,19.0,19.0,19.0,19.0,2.0,,,,,,,,,,,,,,,,,,,,,,,,2.0,0.7368421052631579,0.47368421052631576,0.3684210526315789,0.8947368421052632,0.6842105263157895,0.2631578947368421,0.3684210526315789,0.7368421052631579,0.21052631578947367,1.5,,,,,,,,,,,,,,,,,,,,,,,,1.5,93.0,443.0,4.763440860215054
117,hou,002147,FFFFFF,D84E25,Houston Astros,Total,American,West,30.0,16.0,24.0,18.0,31.0,17.0,14.0,23.0,8.0,4.0,,,,,,,,,,,,,,,,,,,,,,,,6.0,38.0,38.0,38.0,38.0,38.0,38.0,38.0,38.0,29.0,3.0,,,,,,,,,,,,,,,,,,,,,,,,3.0,0.7894736842105263,0.42105263157894735,0.631578947368421,0.47368421052631576,0.8157894736842105,0.4473684210526316,0.3684210526315789,0.6052631578947368,0.27586206896551724,1.3333333333333333,,,,,,,,,,,,,,,,,,,,,,,,2.0,185.0,857.0,4.632432432432433
108,laa,BC032B,FCFEFC,092341,Los Angeles Angels,Home,American,West,12.0,10.0,4.0,13.0,10.0,0.0,5.0,2.0,1.0,3.0,1.0,,,,,,,,,,,,,,,,,,,,,,,4.0,18.0,18.0,18.0,18.0,18.0,18.0,18.0,18.0,12.0,3.0,1.0,,,,,,,,,,,,,,,,,,,,,,,4.0,0.6666666666666666,0.5555555555555556,0.2222222222222222,0.7222222222222222,0.5555555555555556,0.0,0.2777777777777778,0.1111111111111111,0.08333333333333333,1.0,1.0,,,,,,,,,,,,,,,,,,,,,,,1.0,61.0,247.0,4.049180327868853
108,laa,BC032B,FCFEFC,092341,Los Angeles Angels,Away,American,West,12.0,12.0,8.0,19.0,7.0,14.0,12.0,15.0,9.0,1.0,,,,,,,,,,,,,,,,,,,,,,,,1.0,20.0,20.0,20.0,20.0,20.0,20.0,20.0,20.0,20.0,2.0,,,,,,,,,,,,,,,,,,,,,,,,2.0,0.6,0.6,0.4,0.95,0.35,0.7,0.6,0.75,0.45,0.5,,,,,,,,,,,,,,,,,,,,,,,,0.5,109.0,550.0,5.045871559633028
108,laa,BC032B,FCFEFC,092341,Los Angeles Angels,Total,American,West,24.0,22.0,12.0,32.0,17.0,14.0,17.0,17.0,10.0,4.0,1.0,,,,,,,,,,,,,,,,,,,,,,,5.0,38.0,38.0,38.0,38.0,38.0,38.0,38.0,38.0,32.0,5.0,1.0,,,,,,,,,,,,,,,,,,,,,,,6.0,0.631578947368421,0.5789473684210527,0.3157894736842105,0.8421052631578947,0.4473684210526316,0.3684210526315789,0.4473684210526316,0.4473684210526316,0.3125,0.8,1.0,,,,,,,,,,,,,,,,,,,,,,,0.8333333333333334,170.0,797.0,4.688235294117647
136,sea,002147,84888B,00665B,Seattle Mariners,Home,American,West,18.0,7.0,10.0,10.0,16.0,14.0,8.0,7.0,6.0,2.0,,,,,,,,,,,,,,,,,,,,,,,,4.0,23.0,23.0,23.0,23.0,23.0,23.0,23.0,23.0,14.0,2.0,,,,,,,,,,,,,,,,,,,,,,,,2.0,0.782608695652174,0.30434782608695654,0.43478260869565216,0.43478260869565216,0.6956521739130435,0.6086956521739131,0.34782608695652173,0.30434782608695654,0.42857142857142855,1.0,,,,,,,,,,,,,,,,,,,,,,,,2.0,98.0,452.0,4.612244897959184
136,sea,002147,84888B,00665B,Seattle Mariners,Away,American,West,4.0,8.0,1.0,5.0,9.0,5.0,3.0,7.0,9.0,4.0,0.0,,,,,,,,,,,,,,,,,,,,,,,4.0,15.0,15.0,15.0,15.0,15.0,15.0,15.0,15.0,15.0,2.0,1.0,,,,,,,,,,,,,,,,,,,,,,,3.0,0.26666666666666666,0.5333333333333333,0.06666666666666667,0.3333333333333333,0.6,0.3333333333333333,0.2,0.4666666666666667,0.6,2.0,0.0,,,,,,,,,,,,,,,,,,,,,,,1.3333333333333333,55.0,316.0,5.745454545454545
136,sea,002147,84888B,00665B,Seattle Mariners,Total,American,West,22.0,15.0,11.0,15.0,25.0,19.0,11.0,14.0,15.0,6.0,0.0,,,,,,,,,,,,,,,,,,,,,,,8.0,38.0,38.0,38.0,38.0,38.0,38.0,38.0,38.0,29.0,4.0,1.0,,,,,,,,,,,,,,,,,,,,,,,5.0,0.5789473684210527,0.39473684210526316,0.2894736842105263,0.39473684210526316,0.6578947368421053,0.5,0.2894736842105263,0.3684210526315789,0.5172413793103449,1.5,0.0,,,,,,,,,,,,,,,,,,,,,,,1.6,153.0,768.0,5.019607843137255
140,tex,002C74,FCFEFC,BD042B,Texas Rangers,Home,American,West,1.0,6.0,4.0,5.0,11.0,4.0,4.0,2.0,3.0,,,,,,,,,,,,,,,,,,,,,,,,,0.0,15.0,15.0,15.0,15.0,15.0,15.0,15.0,15.0,8.0,,,,,,,,,,,,,,,,,,,,,,,,,0.0,0.06666666666666667,0.4,0.26666666666666666,0.3333333333333333,0.7333333333333333,0.26666666666666666,0.26666666666666666,0.13333333333333333,0.375,,,,,,,,,,,,,,,,,,,,,,,,,,40.0,195.0,4.875
140,tex,002C74,FCFEFC,BD042B,Texas Rangers,Away,American,West,13.0,3.0,22.0,8.0,5.0,7.0,11.0,11.0,17.0,2.0,,,,,,,,,,,,,,,,,,,,,,,,2.0,22.0,22.0,22.0,22.0,22.0,22.0,22.0,22.0,22.0,1.0,,,,,,,,,,,,,,,,,,,,,,,,1.0,0.5909090909090909,0.13636363636363635,1.0,0.36363636363636365,0.22727272727272727,0.3181818181818182,0.5,0.5,0.7727272727272727,2.0,,,,,,,,,,,,,,,,,,,,,,,,2.0,99.0,522.0,5.2727272727272725
140,tex,002C74,FCFEFC,BD042B,Texas Rangers,Total,American,West,14.0,9.0,26.0,13.0,16.0,11.0,15.0,13.0,20.0,2.0,,,,,,,,,,,,,,,,,,,,,,,,2.0,37.0,37.0,37.0,37.0,37.0,37.0,37.0,37.0,30.0,1.0,,,,,,,,,,,,,,,,,,,,,,,,1.0,0.3783783783783784,0.24324324324324326,0.7027027027027027,0.35135135135135137,0.43243243243243246,0.2972972972972973,0.40540540540540543,0.35135135135135137,0.6666666666666666,2.0,,,,,,,,,,,,,,,,,,,,,,,,2.0,139.0,717.0,5.158273381294964
144,atl,0C2340,FFFFFF,BD0E2A,Atlanta Braves,Home,National,East,10.0,12.0,9.0,12.0,6.0,12.0,8.0,13.0,8.0,1.0,,,,,,,,,,,,,,,,,,,,,,,,4.0,18.0,18.0,18.0,18.0,18.0,18.0,18.0,18.0,8.0,1.0,,,,,,,,,,,,,,,,,,,,,,,,1.0,0.5555555555555556,0.6666666666666666,0.5,0.6666666666666666,0.3333333333333333,0.6666666666666666,0.4444444444444444,0.7222222222222222,1.0,1.0,,,,,,,,,,,,,,,,,,,,,,,,4.0,91.0,453.0,4.978021978021978
144,atl,0C2340,FFFFFF,BD0E2A,Atlanta Braves,Away,National,East,10.0,15.0,11.0,16.0,21.0,13.0,6.0,8.0,22.0,0.0,,,,,,,,,,,,,,,,,,,,,,,,0.0,20.0,20.0,20.0,20.0,20.0,20.0,20.0,20.0,20.0,1.0,,,,,,,,,,,,,,,,,,,,,,,,1.0,0.5,0.75,0.55,0.8,1.05,0.65,0.3,0.4,1.1,0.0,,,,,,,,,,,,,,,,,,,,,,,,0.0,122.0,624.0,5.114754098360656
144,atl,0C2340,FFFFFF,BD0E2A,Atlanta Braves,Total,National,East,20.0,27.0,20.0,28.0,27.0,25.0,14.0,21.0,30.0,1.0,,,,,,,,,,,,,,,,,,,,,,,,4.0,38.0,38.0,38.0,38.0,38.0,38.0,38.0,38.0,28.0,2.0,,,,,,,,,,,,,,,,,,,,,,,,2.0,0.5263157894736842,0.7105263157894737,0.5263157894736842,0.7368421052631579,0.7105263157894737,0.6578947368421053,0.3684210526315789,0.5526315789473685,1.0714285714285714,0.5,,,,,,,,,,,,,,,,,,,,,,,,2.0,213.0,1077.0,5.056338028169014
146,mia,000000,00A3E0,EF3340,Miami Marlins,Home,National,East,19.0,12.0,9.0,14.0,6.0,9.0,9.0,16.0,5.0,2.0,,,,,,,,,,,,,,,,,,,,,,,,7.0,23.0,23.0,23.0,23.0,23.0,23.0,23.0,23.0,13.0,2.0,,,,,,,,,,,,,,,,,,,,,,,,2.0,0.8260869565217391,0.5217391304347826,0.391304347826087,0.6086956521739131,0.2608695652173913,0.391304347826087,0.391304347826087,0.6956521739130435,0.38461538461538464,1.0,,,,,,,,,,,,,,,,,,,,,,,,3.5,101.0,466.0,4.6138613861386135
146,mia,000000,00A3E0,EF3340,Miami Marlins,Away,National,East,8.0,10.0,2.0,10.0,9.0,5.0,1.0,12.0,3.0,,,,,,,,,,,,,,,,,,,,,,,,,0.0,15.0,15.0,15.0,15.0,15.0,15.0,15.0,15.0,15.0,,,,,,,,,,,,,,,,,,,,,,,,,0.0,0.5333333333333333,0.6666666666666666,0.13333333333333333,0.6666666666666666,0.6,0.3333333333333333,0.06666666666666667,0.8,0.2,,,,,,,,,,,,,,,,,,,,,,,,,,60.0,279.0,4.65
146,mia,000000,00A3E0,EF3340,Miami Marlins,Total,National,East,27.0,22.0,11.0,24.0,15.0,14.0,10.0,28.0,8.0,2.0,,,,,,,,,,,,,,,,,,,,,,,,7.0,38.0,38.0,38.0,38.0,38.0,38.0,38.0,38.0,28.0,2.0,,,,,,,,,,,,,,,,,,,,,,,,2.0,0.7105263157894737,0.5789473684210527,0.2894736842105263,0.631578947368421,0.39473684210526316,0.3684210526315789,0.2631578947368421,0.7368421052631579,0.2857142857142857,1.0,,,,,,,,,,,,,,,,,,,,,,,,3.5,161.0,745.0,4.627329192546584
121,nym,002D72,FC4D03,,New York Mets,Home,National,East,13.0,6.0,7.0,10.0,8.0,6.0,1.0,8.0,0.0,3.0,3.0,,,,,,,,,,,,,,,,,,,,,,,4.0,18.0,18.0,18.0,18.0,18.0,18.0,18.0,18.0,14.0,3.0,1.0,,,,,,,,,,,,,,,,,,,,,,,4.0,0.7222222222222222,0.3333333333333333,0.3888888888888889,0.5555555555555556,0.4444444444444444,0.3333333333333333,0.05555555555555555,0.4444444444444444,0.0,1.0,3.0,,,,,,,,,,,,,,,,,,,,,,,1.0,65.0,296.0,4.553846153846154
121,nym,002D72,FC4D03,,New York Mets,Away,National,East,6.0,11.0,1.0,8.0,8.0,14.0,7.0,9.0,5.0,0.0,0.0,,,,,,,,,,,,,,,,,,,,,,,0.0,19.0,19.0,19.0,19.0,19.0,19.0,19.0,19.0,19.0,3.0,1.0,,,,,,,,,,,,,,,,,,,,,,,4.0,0.3157894736842105,0.5789473684210527,0.05263157894736842,0.42105263157894735,0.42105263157894735,0.7368421052631579,0.3684210526315789,0.47368421052631576,0.2631578947368421,0.0,0.0,,,,,,,,,,,,,,,,,,,,,,,0.0,69.0,353.0,5.115942028985507
121,nym,002D72,FC4D03,,New York Mets,Total,National,East,19.0,17.0,8.0,18.0,16.0,20.0,8.0,17.0,5.0,3.0,3.0,,,,,,,,,,,,,,,,,,,,,,,4.0,37.0,37.0,37.0,37.0,37.0,37.0,37.0,37.0,33.0,6.0,2.0,,,,,,,,,,,,,,,,,,,,,,,8.0,0.5135135135135135,0.4594594594594595,0.21621621621621623,0.4864864864864865,0.43243243243243246,0.5405405405405406,0.21621621621621623,0.4594594594594595,0.15151515151515152,0.5,1.5,,,,,,,,,,,,,,,,,,,,,,,0.5,134.0,649.0,4.843283582089552
143,phi,D41244,FCFEFC,,Philadelphia Phillies,Home,National,East,14.0,5.0,8.0,3.0,14.0,13.0,7.0,12.0,9.0,3.0,,,,,,,,,,,,,,,,,,,,,,,,2.0,21.0,21.0,21.0,21.0,21.0,21.0,21.0,21.0,14.0,3.0,,,,,,,,,,,,,,,,,,,,,,,,3.0,0.6666666666666666,0.23809523809523808,0.38095238095238093,0.14285714285714285,0.6666666666666666,0.6190476190476191,0.3333333333333333,0.5714285714285714,0.6428571428571429,1.0,,,,,,,,,,,,,,,,,,,,,,,,0.6666666666666666,88.0,464.0,5.2727272727272725
143,phi,D41244,FCFEFC,,Philadelphia Phillies,Away,National,East,15.0,5.0,5.0,5.0,6.0,1.0,11.0,6.0,2.0,4.0,,,,,,,,,,,,,,,,,,,,,,,,4.0,17.0,17.0,17.0,17.0,17.0,17.0,17.0,17.0,17.0,2.0,,,,,,,,,,,,,,,,,,,,,,,,2.0,0.8823529411764706,0.29411764705882354,0.29411764705882354,0.29411764705882354,0.35294117647058826,0.058823529411764705,0.6470588235294118,0.35294117647058826,0.11764705882352941,2.0,,,,,,,,,,,,,,,,,,,,,,,,2.0,60.0,279.0,4.65
143,phi,D41244,FCFEFC,,Philadelphia Phillies,Total,National,East,29.0,10.0,13.0,8.0,20.0,14.0,18.0,18.0,11.0,7.0,,,,,,,,,,,,,,,,,,,,,,,,6.0,38.0,38.0,38.0,38.0,38.0,38.0,38.0,38.0,31.0,5.0,,,,,,,,,,,,,,,,,,,,,,,,5.0,0.7631578947368421,0.2631578947368421,0.34210526315789475,0.21052631578947367,0.5263157894736842,0.3684210526315789,0.47368421052631576,0.47368421052631576,0.3548387096774194,1.4,,,,,,,,,,,,,,,,,,,,,,,,1.2,148.0,743.0,5.02027027027027
120,was,BD032B,FCFEFC,001D42,Washington Nationals,Home,National,East,18.0,5.0,9.0,11.0,14.0,9.0,11.0,20.0,2.0,1.0,0.0,0.0,,,,,,,,,,,,,,,,,,,,,,3.0,19.0,19.0,19.0,19.0,19.0,19.0,19.0,19.0,13.0,2.0,1.0,1.0,,,,,,,,,,,,,,,,,,,,,,4.0,0.9473684210526315,0.2631578947368421,0.47368421052631576,0.5789473684210527,0.7368421052631579,0.47368421052631576,0.5789473684210527,1.0526315789473684,0.15384615384615385,0.5,0.0,0.0,,,,,,,,,,,,,,,,,,,,,,0.75,100.0,488.0,4.88
120,was,BD032B,FCFEFC,001D42,Washington Nationals,Away,National,East,15.0,6.0,4.0,19.0,9.0,8.0,18.0,7.0,12.0,7.0,,,,,,,,,,,,,,,,,,,,,,,,7.0,19.0,19.0,19.0,19.0,19.0,19.0,19.0,19.0,19.0,4.0,,,,,,,,,,,,,,,,,,,,,,,,4.0,0.7894736842105263,0.3157894736842105,0.21052631578947367,1.0,0.47368421052631576,0.42105263157894735,0.9473684210526315,0.3684210526315789,0.631578947368421,1.75,,,,,,,,,,,,,,,,,,,,,,,,1.75,105.0,568.0,5.40952380952381
120,was,BD032B,FCFEFC,001D42,Washington Nationals,Total,National,East,33.0,11.0,13.0,30.0,23.0,17.0,29.0,27.0,14.0,8.0,0.0,0.0,,,,,,,,,,,,,,,,,,,,,,10.0,38.0,38.0,38.0,38.0,38.0,38.0,38.0,38.0,32.0,6.0,1.0,1.0,,,,,,,,,,,,,,,,,,,,,,8.0,0.868421052631579,0.2894736842105263,0.34210526315789475,0.7894736842105263,0.6052631578947368,0.4473684210526316,0.7631578947368421,0.7105263157894737,0.4375,1.3333333333333333,0.0,0.0,,,,,,,,,,,,,,,,,,,,,,1.25,205.0,1056.0,5.151219512195122
112,chc,002B6C,C9072A,FFFFFF,Chicago Cubs,Home,National,Central,13.0,16.0,20.0,21.0,9.0,10.0,14.0,10.0,7.0,4.0,0.0,,,,,,,,,,,,,,,,,,,,,,,1.0,23.0,23.0,23.0,23.0,23.0,23.0,23.0,23.0,11.0,5.0,1.0,,,,,,,,,,,,,,,,,,,,,,,6.0,0.5652173913043478,0.6956521739130435,0.8695652173913043,0.9130434782608695,0.391304347826087,0.43478260869565216,0.6086956521739131,0.43478260869565216,0.6363636363636364,0.8,0.0,,,,,,,,,,,,,,,,,,,,,,,0.16666666666666666,124.0,575.0,4.637096774193548
112,chc,002B6C,C9072A,FFFFFF,Chicago Cubs,Away,National,Central,1.0,9.0,14.0,5.0,9.0,15.0,9.0,10.0,12.0,,,,,,,,,,,,,,,,,,,,,,,,,0.0,15.0,15.0,15.0,15.0,15.0,15.0,15.0,15.0,15.0,,,,,,,,,,,,,,,,,,,,,,,,,0.0,0.06666666666666667,0.6,0.9333333333333333,0.3333333333333333,0.6,1.0,0.6,0.6666666666666666,0.8,,,,,,,,,,,,,,,,,,,,,,,,,,84.0,467.0,5.559523809523809
112,chc,002B6C,C9072A,FFFFFF,Chicago Cubs,Total,National,Central,14.0,25.0,34.0,26.0,18.0,25.0,23.0,20.0,19.0,4.0,0.0,,,,,,,,,,,,,,,,,,,,,,,1.0,38.0,38.0,38.0,38.0,38.0,38.0,38.0,38.0,26.0,5.0,1.0,,,,,,,,,,,,,,,,,,,,,,,6.0,0.3684210526315789,0.6578947368421053,0.8947368421052632,0.6842105263157895,0.47368421052631576,0.6578947368421053,0.6052631578947368,0.5263157894736842,0.7307692307692307,0.8,0.0,,,,,,,,,,,,,,,,,,,,,,,0.16666666666666666,208.0,1042.0,5.009615384615385
113,cin,BE0F34,FFFFFF,1D1D1D,Cincinnati Reds,Home,National,Central,17.0,9.0,4.0,6.0,7.0,9.0,4.0,14.0,7.0,0.0,1.0,,,,,,,,,,,,,,,,,,,,,,,0.0,18.0,18.0,18.0,18.0,18.0,18.0,18.0,18.0,10.0,1.0,1.0,,,,,,,,,,,,,,,,,,,,,,,2.0,0.9444444444444444,0.5,0.2222222222222222,0.3333333333333333,0.3888888888888889,0.5,0.2222222222222222,0.7777777777777778,0.7,0.0,1.0,,,,,,,,,,,,,,,,,,,,,,,0.0,78.0,374.0,4.794871794871795
113,cin,BE0F34,FFFFFF,1D1D1D,Cincinnati Reds,Away,National,Central,12.0,6.0,2.0,8.0,7.0,12.0,4.0,6.0,14.0,7.0,,,,,,,,,,,,,,,,,,,,,,,,7.0,20.0,20.0,20.0,20.0,20.0,20.0,20.0,20.0,20.0,4.0,,,,,,,,,,,,,,,,,,,,,,,,4.0,0.6,0.3,0.1,0.4,0.35,0.6,0.2,0.3,0.7,1.75,,,,,,,,,,,,,,,,,,,,,,,,1.75,78.0,441.0,5.653846153846154
113,cin,BE0F34,FFFFFF,1D1D1D,Cincinnati Reds,Total,National,Central,29.0,15.0,6.0,14.0,14.0,21.0,8.0,20.0,21.0,7.0,1.0,,,,,,,,,,,,,,,,,,,,,,,7.0,38.0,38.0,38.0,38.0,38.0,38.0,38.0,38.0,30.0,5.0,1.0,,,,,,,,,,,,,,,,,,,,,,,6.0,0.7631578947368421,0.39473684210526316,0.15789473684210525,0.3684210526315789,0.3684210526315789,0.5526315789473685,0.21052631578947367,0.5263157894736842,0.7,1.4,1.0,,,,,,,,,,,,,,,,,,,,,,,1.1666666666666667,156.0,815.0,5.2243589743589745
158,mil,11284B,FEC52E,FFFFFF,Milwaukee Brewers,Home,National,Central,12.0,6.0,7.0,18.0,8.0,21.0,10.0,16.0,3.0,1.0,,,,,,,,,,,,,,,,,,,,,,,,6.0,18.0,18.0,18.0,18.0,18.0,18.0,18.0,18.0,8.0,2.0,,,,,,,,,,,,,,,,,,,,,,,,2.0,0.6666666666666666,0.3333333333333333,0.3888888888888889,1.0,0.4444444444444444,1.1666666666666667,0.5555555555555556,0.8888888888888888,0.375,0.5,,,,,,,,,,,,,,,,,,,,,,,,3.0,102.0,518.0,5.078431372549019
158,mil,11284B,FEC52E,FFFFFF,Milwaukee Brewers,Away,National,Central,13.0,3.0,7.0,10.0,7.0,5.0,9.0,15.0,7.0,3.0,,,,,,,,,,,,,,,,,,,,,,,,3.0,17.0,17.0,17.0,17.0,17.0,17.0,17.0,17.0,17.0,1.0,,,,,,,,,,,,,,,,,,,,,,,,1.0,0.7647058823529411,0.17647058823529413,0.4117647058823529,0.5882352941176471,0.4117647058823529,0.29411764705882354,0.5294117647058824,0.8823529411764706,0.4117647058823529,3.0,,,,,,,,,,,,,,,,,,,,,,,,3.0,79.0,421.0,5.329113924050633
158,mil,11284B,FEC52E,FFFFFF,Milwaukee Brewers,Total,National,Central,25.0,9.0,14.0,28.0,15.0,26.0,19.0,31.0,10.0,4.0,,,,,,,,,,,,,,,,,,,,,,,,9.0,35.0,35.0,35.0,35.0,35.0,35.0,35.0,35.0,25.0,3.0,,,,,,,,,,,,,,,,,,,,,,,,3.0,0.7142857142857143,0.2571428571428571,0.4,0.8,0.42857142857142855,0.7428571428571429,0.5428571428571428,0.8857142857142857,0.4,1.3333333333333333,,,,,,,,,,,,,,,,,,,,,,,,3.0,181.0,939.0,5.1878453038674035
134,pit,2A2723,FFC82E,,Pittsburgh Pirates,Home,National,Central,15.0,19.0,3.0,12.0,18.0,21.0,5.0,18.0,4.0,0.0,1.0,0.0,1.0,,,,,,,,,,,,,,,,,,,,,4.0,20.0,20.0,20.0,20.0,20.0,20.0,20.0,20.0,10.0,2.0,1.0,1.0,1.0,,,,,,,,,,,,,,,,,,,,,5.0,0.75,0.95,0.15,0.6,0.9,1.05,0.25,0.9,0.4,0.0,1.0,0.0,1.0,,,,,,,,,,,,,,,,,,,,,0.8,117.0,565.0,4.829059829059829
134,pit,2A2723,FFC82E,,Pittsburgh Pirates,Away,National,Central,11.0,10.0,5.0,4.0,9.0,5.0,2.0,2.0,12.0,6.0,2.0,,,,,,,,,,,,,,,,,,,,,,,8.0,18.0,18.0,18.0,18.0,18.0,18.0,18.0,18.0,18.0,4.0,2.0,,,,,,,,,,,,,,,,,,,,,,,6.0,0.6111111111111112,0.5555555555555556,0.2777777777777778,0.2222222222222222,0.5,0.2777777777777778,0.1111111111111111,0.1111111111111111,0.6666666666666666,1.5,1.0,,,,,,,,,,,,,,,,,,,,,,,1.3333333333333333,68.0,357.0,5.25
134,pit,2A2723,FFC82E,,Pittsburgh Pirates,Total,National,Central,26.0,29.0,8.0,16.0,27.0,26.0,7.0,20.0,16.0,6.0,3.0,0.0,1.0,,,,,,,,,,,,,,,,,,,,,12.0,38.0,38.0,38.0,38.0,38.0,38.0,38.0,38.0,28.0,6.0,3.0,1.0,1.0,,,,,,,,,,,,,,,,,,,,,11.0,0.6842105263157895,0.7631578947368421,0.21052631578947367,0.42105263157894735,0.7105263157894737,0.6842105263157895,0.18421052631578946,0.5263157894736842,0.5714285714285714,1.0,1.0,0.0,1.0,,,,,,,,,,,,,,,,,,,,,1.0909090909090908,185.0,922.0,4.9837837837837835
138,stl,CE0027,FFFFFF,012342,St. Louis Cardinals,Home,National,Central,10.0,5.0,14.0,8.0,2.0,16.0,8.0,13.0,2.0,3.0,1.0,,,,,,,,,,,,,,,,,,,,,,,1.0,20.0,20.0,20.0,20.0,20.0,20.0,20.0,20.0,13.0,3.0,1.0,,,,,,,,,,,,,,,,,,,,,,,4.0,0.5,0.25,0.7,0.4,0.1,0.8,0.4,0.65,0.15384615384615385,1.0,1.0,,,,,,,,,,,,,,,,,,,,,,,0.25,82.0,419.0,5.109756097560975
138,stl,CE0027,FFFFFF,012342,St. Louis Cardinals,Away,National,Central,9.0,3.0,9.0,5.0,17.0,4.0,12.0,16.0,8.0,5.0,,,,,,,,,,,,,,,,,,,,,,,,5.0,16.0,16.0,16.0,16.0,16.0,16.0,16.0,16.0,16.0,2.0,,,,,,,,,,,,,,,,,,,,,,,,2.0,0.5625,0.1875,0.5625,0.3125,1.0625,0.25,0.75,1.0,0.5,2.5,,,,,,,,,,,,,,,,,,,,,,,,2.5,88.0,505.0,5.738636363636363
138,stl,CE0027,FFFFFF,012342,St. Louis Cardinals,Total,National,Central,19.0,8.0,23.0,13.0,19.0,20.0,20.0,29.0,10.0,8.0,1.0,,,,,,,,,,,,,,,,,,,,,,,6.0,36.0,36.0,36.0,36.0,36.0,36.0,36.0,36.0,29.0,5.0,1.0,,,,,,,,,,,,,,,,,,,,,,,6.0,0.5277777777777778,0.2222222222222222,0.6388888888888888,0.3611111111111111,0.5277777777777778,0.5555555555555556,0.5555555555555556,0.8055555555555556,0.3448275862068966,1.6,1.0,,,,,,,,,,,,,,,,,,,,,,,1.0,170.0,924.0,5.435294117647059
109,ari,A6192E,2CCCD3,,Arizona Diamondbacks,Home,National,West,9.0,14.0,4.0,7.0,8.0,10.0,13.0,17.0,4.0,1.0,,,,,,,,,,,,,,,,,,,,,,,,0.0,18.0,18.0,18.0,18.0,18.0,18.0,18.0,18.0,9.0,1.0,,,,,,,,,,,,,,,,,,,,,,,,1.0,0.5,0.7777777777777778,0.2222222222222222,0.3888888888888889,0.4444444444444444,0.5555555555555556,0.7222222222222222,0.9444444444444444,0.4444444444444444,1.0,,,,,,,,,,,,,,,,,,,,,,,,0.0,87.0,450.0,5.172413793103448
109,ari,A6192E,2CCCD3,,Arizona Diamondbacks,Away,National,West,5.0,8.0,6.0,12.0,14.0,9.0,5.0,8.0,4.0,3.0,,,,,,,,,,,,,,,,,,,,,,,,3.0,18.0,18.0,18.0,18.0,18.0,18.0,18.0,18.0,18.0,2.0,,,,,,,,,,,,,,,,,,,,,,,,2.0,0.2777777777777778,0.4444444444444444,0.3333333333333333,0.6666666666666666,0.7777777777777778,0.5,0.2777777777777778,0.4444444444444444,0.2222222222222222,1.5,,,,,,,,,,,,,,,,,,,,,,,,1.5,74.0,376.0,5.081081081081081
109,ari,A6192E,2CCCD3,,Arizona Diamondbacks,Total,National,West,14.0,22.0,10.0,19.0,22.0,19.0,18.0,25.0,8.0,4.0,,,,,,,,,,,,,,,,,,,,,,,,3.0,36.0,36.0,36.0,36.0,36.0,36.0,36.0,36.0,27.0,3.0,,,,,,,,,,,,,,,,,,,,,,,,3.0,0.3888888888888889,0.6111111111111112,0.2777777777777778,0.5277777777777778,0.6111111111111112,0.5277777777777778,0.5,0.6944444444444444,0.2962962962962963,1.3333333333333333,,,,,,,,,,,,,,,,,,,,,,,,1.0,161.0,826.0,5.130434782608695
115,col,1D1D1D,84888B,380982,Colorado Rockies,Home,National,West,13.0,16.0,3.0,11.0,12.0,11.0,9.0,11.0,2.0,,,,,,,,,,,,,,,,,,,,,,,,,0.0,19.0,19.0,19.0,19.0,19.0,19.0,19.0,19.0,11.0,,,,,,,,,,,,,,,,,,,,,,,,,0.0,0.6842105263157895,0.8421052631578947,0.15789473684210525,0.5789473684210527,0.631578947368421,0.5789473684210527,0.47368421052631576,0.5789473684210527,0.18181818181818182,,,,,,,,,,,,,,,,,,,,,,,,,,88.0,393.0,4.465909090909091
115,col,1D1D1D,84888B,380983,Colorado Rockies,Away,National,West,11.0,5.0,9.0,7.0,7.0,10.0,6.0,9.0,8.0,2.0,1.0,0.0,,,,,,,,,,,,,,,,,,,,,,3.0,19.0,19.0,19.0,19.0,19.0,19.0,19.0,19.0,19.0,2.0,1.0,1.0,,,,,,,,,,,,,,,,,,,,,,4.0,0.5789473684210527,0.2631578947368421,0.47368421052631576,0.3684210526315789,0.3684210526315789,0.5263157894736842,0.3157894736842105,0.47368421052631576,0.42105263157894735,1.0,1.0,0.0,,,,,,,,,,,,,,,,,,,,,,0.75,75.0,388.0,5.173333333333333
115,col,1D1D1D,84888B,380984,Colorado Rockies,Total,National,West,24.0,21.0,12.0,18.0,19.0,21.0,15.0,20.0,10.0,2.0,1.0,0.0,,,,,,,,,,,,,,,,,,,,,,3.0,38.0,38.0,38.0,38.0,38.0,38.0,38.0,38.0,30.0,2.0,1.0,1.0,,,,,,,,,,,,,,,,,,,,,,4.0,0.631578947368421,0.5526315789473685,0.3157894736842105,0.47368421052631576,0.5,0.5526315789473685,0.39473684210526316,0.5263157894736842,0.3333333333333333,1.0,1.0,0.0,,,,,,,,,,,,,,,,,,,,,,0.75,163.0,781.0,4.791411042944786
119,lad,003479,FFFFFF,,Los Angeles Dodgers,Home,National,West,12.0,4.0,13.0,9.0,5.0,12.0,6.0,15.0,7.0,,,,,,,,,,,,,,,,,,,,,,,,,0.0,18.0,18.0,18.0,18.0,18.0,18.0,18.0,18.0,8.0,,,,,,,,,,,,,,,,,,,,,,,,,0.0,0.6666666666666666,0.2222222222222222,0.7222222222222222,0.5,0.2777777777777778,0.6666666666666666,0.3333333333333333,0.8333333333333334,0.875,,,,,,,,,,,,,,,,,,,,,,,,,,83.0,417.0,5.024096385542169
119,lad,003479,FFFFFF,,Los Angeles Dodgers,Away,National,West,8.0,14.0,26.0,11.0,16.0,9.0,9.0,8.0,12.0,,,,,,,,,,,,,,,,,,,,,,,,,0.0,19.0,19.0,19.0,19.0,19.0,19.0,19.0,19.0,19.0,,,,,,,,,,,,,,,,,,,,,,,,,0.0,0.42105263157894735,0.7368421052631579,1.368421052631579,0.5789473684210527,0.8421052631578947,0.47368421052631576,0.47368421052631576,0.42105263157894735,0.631578947368421,,,,,,,,,,,,,,,,,,,,,,,,,,113.0,527.0,4.663716814159292
119,lad,003479,FFFFFF,,Los Angeles Dodgers,Total,National,West,20.0,18.0,39.0,20.0,21.0,21.0,15.0,23.0,19.0,,,,,,,,,,,,,,,,,,,,,,,,,0.0,37.0,37.0,37.0,37.0,37.0,37.0,37.0,37.0,27.0,,,,,,,,,,,,,,,,,,,,,,,,,0.0,0.5405405405405406,0.4864864864864865,1.054054054054054,0.5405405405405406,0.5675675675675675,0.5675675675675675,0.40540540540540543,0.6216216216216216,0.7037037037037037,,,,,,,,,,,,,,,,,,,,,,,,,,196.0,944.0,4.816326530612245
135,sd,2F241D,FFC425,,San Diego Padres,Home,National,West,6.0,6.0,13.0,9.0,10.0,11.0,5.0,10.0,10.0,1.0,1.0,4.0,,,,,,,,,,,,,,,,,,,,,,2.0,20.0,20.0,20.0,20.0,20.0,20.0,20.0,20.0,12.0,1.0,1.0,1.0,,,,,,,,,,,,,,,,,,,,,,3.0,0.3,0.3,0.65,0.45,0.5,0.55,0.25,0.5,0.8333333333333334,1.0,1.0,4.0,,,,,,,,,,,,,,,,,,,,,,0.6666666666666666,86.0,483.0,5.616279069767442
135,sd,2F241D,FFC425,,San Diego Padres,Away,National,West,2.0,5.0,3.0,12.0,13.0,4.0,13.0,9.0,16.0,,,,,,,,,,,,,,,,,,,,,,,,,0.0,17.0,17.0,17.0,17.0,17.0,17.0,17.0,17.0,17.0,,,,,,,,,,,,,,,,,,,,,,,,,0.0,0.11764705882352941,0.29411764705882354,0.17647058823529413,0.7058823529411765,0.7647058823529411,0.23529411764705882,0.7647058823529411,0.5294117647058824,0.9411764705882353,,,,,,,,,,,,,,,,,,,,,,,,,,77.0,465.0,6.038961038961039
135,sd,2F241D,FFC425,,San Diego Padres,Total,National,West,8.0,11.0,16.0,21.0,23.0,15.0,18.0,19.0,26.0,1.0,1.0,4.0,,,,,,,,,,,,,,,,,,,,,,2.0,37.0,37.0,37.0,37.0,37.0,37.0,37.0,37.0,29.0,1.0,1.0,1.0,,,,,,,,,,,,,,,,,,,,,,3.0,0.21621621621621623,0.2972972972972973,0.43243243243243246,0.5675675675675675,0.6216216216216216,0.40540540540540543,0.4864864864864865,0.5135135135135135,0.896551724137931,1.0,1.0,4.0,,,,,,,,,,,,,,,,,,,,,,0.6666666666666666,163.0,948.0,5.815950920245399
137,sf,2A2723,FF4819,,San Francisco Giants,Home,National,West,11.0,2.0,7.0,1.0,8.0,15.0,7.0,8.0,0.0,,,,,,,,,,,,,,,,,,,,,,,,,0.0,19.0,19.0,19.0,19.0,19.0,19.0,19.0,19.0,11.0,,,,,,,,,,,,,,,,,,,,,,,,,0.0,0.5789473684210527,0.10526315789473684,0.3684210526315789,0.05263157894736842,0.42105263157894735,0.7894736842105263,0.3684210526315789,0.42105263157894735,0.0,,,,,,,,,,,,,,,,,,,,,,,,,,59.0,283.0,4.796610169491525
137,sf,2A2723,FF4819,,San Francisco Giants,Away,National,West,6.0,10.0,5.0,8.0,3.0,9.0,10.0,0.0,4.0,0.0,0.0,1.0,,,,,,,,,,,,,,,,,,,,,,1.0,18.0,18.0,18.0,18.0,18.0,18.0,18.0,18.0,18.0,3.0,1.0,1.0,,,,,,,,,,,,,,,,,,,,,,5.0,0.3333333333333333,0.5555555555555556,0.2777777777777778,0.4444444444444444,0.16666666666666666,0.5,0.5555555555555556,0.0,0.2222222222222222,0.0,0.0,1.0,,,,,,,,,,,,,,,,,,,,,,0.2,56.0,260.0,4.642857142857143
137,sf,2A2723,FF4819,,San Francisco Giants,Total,National,West,17.0,12.0,12.0,9.0,11.0,24.0,17.0,8.0,4.0,0.0,0.0,1.0,,,,,,,,,,,,,,,,,,,,,,1.0,37.0,37.0,37.0,37.0,37.0,37.0,37.0,37.0,29.0,3.0,1.0,1.0,,,,,,,,,,,,,,,,,,,,,,5.0,0.4594594594594595,0.32432432432432434,0.32432432432432434,0.24324324324324326,0.2972972972972973,0.6486486486486487,0.4594594594594595,0.21621621621621623,0.13793103448275862,0.0,0.0,1.0,,,,,,,,,,,,,,,,,,,,,,0.2,115.0,543.0,4.721739130434782
